sample_id,phase,format,engine,recommended_path,route,pages_total,slice_chars,md_chars,md_words,garbage_hits,fonts_type1,fonts_truetype,elapsed_s,footnote_f1,italics_recall,reflow_rubric,table_ok,equation_ok,callout_ok,page_map_ok,artifact_residue_mb,notes,ts
S01_fotc96_chrysostom_repentance,P0_marker_slice,pdf,marker_single,,,178,,2267,272,,,,15,,,,,,,,,slice:0-4,2026-10-07T12:33:58-0400
S01_fotc96_chrysostom_repentance,P0_smoke,pdf,,marker_disable_ocr,,178,3460,,,0,482,0,,,,,,,,,,,2026-10-07T12:33:42-0400
S02_sbl_baur_christ_party,P0_marker_slice,pdf,marker_single,,,167,,1466,186,,,,14,,,,,,,,,slice:0-4,2026-10-07T12:34:12-0400
S02_sbl_baur_christ_party,P0_smoke,pdf,,marker_disable_ocr,,167,2431,,,0,33,5,,,,,,,,,,,2026-10-07T12:33:42-0400
S07_haile_emip_catalogue1,P0_marker_slice,pdf,marker_single,,,457,,3173,327,,,,14,,,,,,,,,slice:0-4,2026-10-07T12:34:27-0400
S07_haile_emip_catalogue1,P0_smoke,pdf,,marker_disable_ocr,,457,4113,,,0,50,8,,,,,,,,,,,2026-10-07T12:33:42-0400
S08_fotc130_ephraem_hymns,P0_marker_slice,pdf,marker_single,,,448,,2374,304,,,,13,,,,,,,,,slice:0-4,2026-10-07T12:34:40-0400
S08_fotc130_ephraem_hymns,P0_smoke,pdf,,marker_disable_ocr,,448,3599,,,0,392,11,,,,,,,,,,,2026-10-07T12:33:43-0400
S10_schlueter_sklaverei_de,P0_marker_slice,,marker_single,,,396,,767,60,,,,14,,,,,,,,,slice:0-4,2026-10-07T12:34:54-0400
S10_schlueter_sklaverei_de,P0_smoke,,,marker_disable_ocr,,396,3155,,,0,14,551,,,,,,,,,,,2026-10-07T12:33:43-0400
S11_responsory,P0_image,image,tesseract,,image_tesseract_smoke,,,2486,602,,,,10,,,,,,,,,,2026-10-07T12:32:46-0400
S11b_god_come_to_my_assistance,P0_image,image,tesseract,,image_tesseract_smoke,,,2421,502,,,,2,,,,,,,,,,2026-10-07T12:32:48-0400
S11c_veni_creator_spiritus,P0_image,image,tesseract,,image_tesseract_smoke,,,1199,318,,,,1,,,,,,,,,,2026-10-07T12:32:49-0400
S11d_obr2_doc_scan,P0_image,image,tesseract,,image_tesseract_smoke,,,0,0,,,,0,,,,,,,,,,2026-10-07T12:32:49-0400
S11e_parishes_pittsburgh_2026,P0_image,image,tesseract,,image_tesseract_smoke,,,0,0,,,,0,,,,,,,,,,2026-10-07T12:32:50-0400
S11f_2012_photo,P0_image,image,tesseract,,image_tesseract_smoke,,,194,38,,,,0,,,,,,,,,,2026-10-07T12:32:50-0400
S12_burrus_seducing_augustine,P0_marker_slice,,marker_single,,,188,,1842,226,,,,14,,,,,,,,,slice:0-4,2026-10-07T12:35:08-0400
S12_burrus_seducing_augustine,P0_smoke,,,marker_disable_ocr,,188,2876,,,0,86,0,,,,,,,,,,,2026-10-07T12:33:43-0400
S13_abbey_psalms_canticles,P0_native,epub,zip_html_strip,,format_native_no_ocr,,,82477,12732,,,,0.01,,,,,,,,,,2026-10-07T12:33:29-0400
S13b_everyday_loth,P0_native,epub,zip_html_strip,,format_native_no_ocr,,,196902,34309,,,,0.01,,,,,,,,,,2026-10-07T12:33:29-0400
S14_evening_prayer_booklet,P0_native,docx,python-docx,,format_native_no_ocr,,,9939,1794,,,,0.02,,,,,,,,,,2026-10-07T12:33:28-0400
S14b_archangel_gabriel,P0_native,docx,python-docx,,format_native_no_ocr,,,15815,2726,,,,0.01,,,,,,,,,,2026-10-07T12:33:28-0400
